Row_ID,Order_ID,Order_Date,Ship_Date,Ship_Mode,Customer_ID,Customer_Name,Segment,Country,City,State,Postal_Code,Region,Product_ID,Category,Sub_Category,Product_Name,Sales,Quantity,Discount,Profit
1,ORD-100001,2018-09-12,2018-09-17,Standard Class,CUST-1018,Rohan,Home Office,India,Chennai,Tamil Nadu,846412,South,PROD-434,Technology,Machines,Machines - Premium Quality,753.08,3,0.2,-37.65
2,ORD-100002,2017-01-29,2017-02-04,Standard Class,CUST-1067,Rahul,Corporate,India,Delhi,Delhi,910360,North,PROD-208,Office Supplies,Labels,Labels - Premium Quality,533.76,5,0.2,-26.69
3,ORD-100003,2017-08-16,2017-08-17,Standard Class,CUST-1031,Anaya,Corporate,India,Delhi,Delhi,854792,North,PROD-308,Furniture,Chairs,Chairs - Premium Quality,1072.6,5,0.1,53.63
4,ORD-100004,2017-08-20,2017-08-26,Standard Class,CUST-1059,Virat,Home Office,India,Mumbai,Maharashtra,213034,West,PROD-614,Furniture,Bookcases,Bookcases - Premium Quality,358.51,3,0.2,-17.93
5,ORD-100005,2017-04-02,2017-04-08,Same Day,CUST-1039,Meera,Home Office,India,Hyderabad,Telangana,216605,South,PROD-100,Technology,Phones,Phones - Premium Quality,1805.84,4,0.05,180.58
6,ORD-100006,2019-08-04,2019-08-05,Standard Class,CUST-1033,Rahul,Home Office,India,Pune,Maharashtra,335025,West,PROD-455,Technology,Machines,Machines - Premium Quality,797.78,1,0.2,-39.89
7,ORD-100007,2018-11-18,2018-11-20,Standard Class,CUST-1010,Aarav,Home Office,India,Chennai,Tamil Nadu,450149,South,PROD-459,Technology,Phones,Phones - Premium Quality,1606.79,5,0.2,-80.34
8,ORD-100008,2018-01-09,2018-01-11,Second Class,CUST-1095,Aarav,Corporate,India,Hyderabad,Telangana,527492,South,PROD-162,Technology,Phones,Phones - Premium Quality,1211.37,2,0.05,121.14
9,ORD-100009,2017-02-24,2017-03-02,Second Class,CUST-1047,Meera,Consumer,India,Chennai,Tamil Nadu,544741,South,PROD-849,Furniture,Chairs,Chairs - Premium Quality,1367.97,4,0.2,-68.4
10,ORD-100010,2017-10-13,2017-10-14,Same Day,CUST-1006,Meera,Consumer,India,Pune,Maharashtra,572762,West,PROD-265,Technology,Accessories,Accessories - Premium Quality,164.92,3,0.2,-8.25
11,ORD-100011,2018-11-03,2018-11-06,Same Day,CUST-1104,Virat,Home Office,India,Mumbai,Maharashtra,815576,West,PROD-709,Furniture,Bookcases,Bookcases - Premium Quality,1095.12,4,0.0,164.27
12,ORD-100012,2017-09-24,2017-09-25,Same Day,CUST-1102,Virat,Home Office,India,Hyderabad,Telangana,863188,South,PROD-198,Office Supplies,Binders,Binders - Premium Quality,947.41,4,0.1,47.37
13,ORD-100013,2018-11-18,2018-11-24,Second Class,CUST-1002,Ishika,Consumer,India,Delhi,Delhi,243932,North,PROD-381,Technology,Phones,Phones - Premium Quality,386.1,5,0.1,19.3
14,ORD-100014,2018-07-30,2018-07-31,Standard Class,CUST-1113,Rahul,Consumer,India,Mumbai,Maharashtra,715262,West,PROD-665,Office Supplies,Labels,Labels - Premium Quality,1031.81,1,0.0,154.77
15,ORD-100015,2018-07-25,2018-07-28,Second Class,CUST-1015,Virat,Consumer,India,Chennai,Tamil Nadu,897615,South,PROD-854,Furniture,Tables,Tables - Premium Quality,346.59,4,0.2,-17.33
16,ORD-100016,2018-02-26,2018-03-04,Standard Class,CUST-1050,Meera,Corporate,India,Pune,Maharashtra,153002,West,PROD-226,Office Supplies,Paper,Paper - Premium Quality,414.05,5,0.0,62.11
17,ORD-100017,2017-05-17,2017-05-21,Second Class,CUST-1059,Ishika,Consumer,India,Pune,Maharashtra,386951,West,PROD-884,Office Supplies,Binders,Binders - Premium Quality,1609.63,5,0.1,80.48
18,ORD-100018,2017-03-23,2017-03-25,Second Class,CUST-1024,Virat,Corporate,India,Chennai,Tamil Nadu,711421,South,PROD-246,Office Supplies,Paper,Paper - Premium Quality,1045.39,3,0.0,156.81
19,ORD-100019,2017-04-02,2017-04-08,Same Day,CUST-1048,Rahul,Corporate,India,Bangalore,Karnataka,736304,South,PROD-264,Furniture,Chairs,Chairs - Premium Quality,1928.72,5,0.0,289.31
20,ORD-100020,2019-10-25,2019-10-27,Second Class,CUST-1071,Anaya,Corporate,India,Mumbai,Maharashtra,728738,West,PROD-867,Technology,Accessories,Accessories - Premium Quality,1280.57,2,0.1,64.03
21,ORD-100021,2018-06-11,2018-06-13,Standard Class,CUST-1099,Tanisha,Home Office,India,Bangalore,Karnataka,698522,South,PROD-845,Office Supplies,Labels,Labels - Premium Quality,1334.42,1,0.05,133.44
22,ORD-100022,2017-07-14,2017-07-19,Second Class,CUST-1030,Tanisha,Consumer,India,Chennai,Tamil Nadu,877487,South,PROD-151,Furniture,Bookcases,Bookcases - Premium Quality,1653.31,4,0.2,-82.67
23,ORD-100023,2017-03-31,2017-04-02,Same Day,CUST-1106,Tanisha,Corporate,India,Bangalore,Karnataka,953464,South,PROD-180,Office Supplies,Paper,Paper - Premium Quality,562.68,2,0.1,28.13
24,ORD-100024,2019-04-02,2019-04-06,Standard Class,CUST-1026,Rahul,Consumer,India,Delhi,Delhi,509265,North,PROD-913,Furniture,Tables,Tables - Premium Quality,872.3,3,0.1,43.61
25,ORD-100025,2018-05-21,2018-05-27,Same Day,CUST-1042,Rohan,Corporate,India,Hyderabad,Telangana,232690,South,PROD-228,Technology,Phones,Phones - Premium Quality,436.3,5,0.2,-21.82
26,ORD-100026,2018-12-27,2018-12-31,Same Day,CUST-1106,Virat,Home Office,India,Pune,Maharashtra,609196,West,PROD-699,Furniture,Bookcases,Bookcases - Premium Quality,1687.38,2,0.0,253.11
27,ORD-100027,2017-12-29,2017-12-30,Second Class,CUST-1020,Anaya,Home Office,India,Hyderabad,Telangana,951393,South,PROD-181,Furniture,Chairs,Chairs - Premium Quality,971.87,2,0.05,97.19
28,ORD-100028,2018-12-25,2018-12-27,Second Class,CUST-1009,Virat,Consumer,India,Pune,Maharashtra,874268,West,PROD-727,Technology,Accessories,Accessories - Premium Quality,805.68,2,0.2,-40.28
29,ORD-100029,2019-04-22,2019-04-24,Standard Class,CUST-1016,Tanisha,Consumer,India,Hyderabad,Telangana,624378,South,PROD-793,Office Supplies,Labels,Labels - Premium Quality,1008.7,5,0.2,-50.44
30,ORD-100030,2019-10-05,2019-10-11,Second Class,CUST-1010,Anaya,Corporate,India,Pune,Maharashtra,349291,West,PROD-589,Furniture,Chairs,Chairs - Premium Quality,1134.58,2,0.2,-56.73
31,ORD-100031,2019-07-20,2019-07-25,Second Class,CUST-1020,Aarav,Home Office,India,Chennai,Tamil Nadu,352953,South,PROD-556,Technology,Accessories,Accessories - Premium Quality,1584.56,1,0.1,79.23
32,ORD-100032,2019-10-12,2019-10-16,Same Day,CUST-1115,Rahul,Home Office,India,Mumbai,Maharashtra,654451,West,PROD-936,Office Supplies,Labels,Labels - Premium Quality,596.89,3,0.0,89.53
33,ORD-100033,2017-01-02,2017-01-05,Standard Class,CUST-1055,Meera,Corporate,India,Mumbai,Maharashtra,117042,West,PROD-985,Furniture,Tables,Tables - Premium Quality,1129.66,2,0.0,169.45
34,ORD-100034,2019-11-18,2019-11-19,Same Day,CUST-1050,Meera,Home Office,India,Pune,Maharashtra,354914,West,PROD-979,Technology,Machines,Machines - Premium Quality,1016.79,1,0.1,50.84
35,ORD-100035,2018-03-04,2018-03-05,Standard Class,CUST-1092,Ishika,Corporate,India,Delhi,Delhi,109648,North,PROD-666,Furniture,Bookcases,Bookcases - Premium Quality,1195.13,1,0.2,-59.76
36,ORD-100036,2018-07-24,2018-07-27,Standard Class,CUST-1068,Anaya,Home Office,India,Bangalore,Karnataka,743291,South,PROD-472,Technology,Machines,Machines - Premium Quality,84.43,2,0.05,8.44
37,ORD-100037,2017-12-19,2017-12-20,Second Class,CUST-1012,Meera,Consumer,India,Delhi,Delhi,917550,North,PROD-541,Technology,Phones,Phones - Premium Quality,956.15,4,0.05,95.61
38,ORD-100038,2018-06-29,2018-07-01,Standard Class,CUST-1035,Aarav,Home Office,India,Hyderabad,Telangana,878550,South,PROD-617,Technology,Machines,Machines - Premium Quality,1145.57,4,0.05,114.56
39,ORD-100039,2017-09-20,2017-09-23,Second Class,CUST-1076,Tanisha,Corporate,India,Delhi,Delhi,744430,North,PROD-789,Office Supplies,Labels,Labels - Premium Quality,866.66,3,0.0,130.0
40,ORD-100040,2018-10-07,2018-10-09,Standard Class,CUST-1103,Tanisha,Home Office,India,Hyderabad,Telangana,502070,South,PROD-867,Furniture,Chairs,Chairs - Premium Quality,1491.71,3,0.05,149.17
41,ORD-100041,2017-08-24,2017-08-26,Standard Class,CUST-1064,Aarav,Consumer,India,Chennai,Tamil Nadu,384141,South,PROD-861,Furniture,Bookcases,Bookcases - Premium Quality,1311.55,5,0.05,131.15
42,ORD-100042,2018-03-31,2018-04-04,Standard Class,CUST-1033,Rohan,Consumer,India,Mumbai,Maharashtra,971521,West,PROD-750,Technology,Phones,Phones - Premium Quality,1487.64,3,0.0,223.15
43,ORD-100043,2019-08-09,2019-08-12,Second Class,CUST-1079,Ishika,Consumer,India,Delhi,Delhi,765280,North,PROD-337,Technology,Phones,Phones - Premium Quality,1148.17,5,0.1,57.41
44,ORD-100044,2017-07-08,2017-07-14,Standard Class,CUST-1047,Meera,Home Office,India,Chennai,Tamil Nadu,375073,South,PROD-584,Office Supplies,Labels,Labels - Premium Quality,438.29,4,0.05,43.83
45,ORD-100045,2018-08-31,2018-09-02,Same Day,CUST-1117,Aarav,Corporate,India,Pune,Maharashtra,967675,West,PROD-904,Office Supplies,Binders,Binders - Premium Quality,1560.78,5,0.1,78.04
46,ORD-100046,2017-09-27,2017-10-03,Second Class,CUST-1094,Virat,Home Office,India,Mumbai,Maharashtra,688003,West,PROD-976,Furniture,Tables,Tables - Premium Quality,238.78,2,0.1,11.94
47,ORD-100047,2017-09-01,2017-09-05,Standard Class,CUST-1068,Tanisha,Consumer,India,Delhi,Delhi,219071,North,PROD-968,Technology,Phones,Phones - Premium Quality,862.13,4,0.05,86.21
48,ORD-100048,2017-11-07,2017-11-13,Standard Class,CUST-1100,Ishika,Consumer,India,Chennai,Tamil Nadu,293469,South,PROD-391,Technology,Accessories,Accessories - Premium Quality,1564.11,5,0.2,-78.21
49,ORD-100049,2019-04-02,2019-04-04,Standard Class,CUST-1074,Meera,Consumer,India,Bangalore,Karnataka,143290,South,PROD-750,Furniture,Chairs,Chairs - Premium Quality,1754.55,4,0.05,175.45
50,ORD-100050,2018-05-26,2018-05-27,Standard Class,CUST-1079,Ishika,Corporate,India,Delhi,Delhi,808006,North,PROD-947,Office Supplies,Binders,Binders - Premium Quality,1822.32,1,0.2,-91.12
51,ORD-100051,2018-08-31,2018-09-02,Same Day,CUST-1017,Tanisha,Consumer,India,Bangalore,Karnataka,540949,South,PROD-704,Office Supplies,Binders,Binders - Premium Quality,1489.06,3,0.2,-74.45
52,ORD-100052,2019-03-04,2019-03-09,Second Class,CUST-1090,Aarav,Consumer,India,Mumbai,Maharashtra,730689,West,PROD-673,Technology,Machines,Machines - Premium Quality,1945.23,1,0.05,194.52
53,ORD-100053,2017-05-30,2017-06-02,Same Day,CUST-1106,Virat,Consumer,India,Hyderabad,Telangana,508738,South,PROD-414,Furniture,Chairs,Chairs - Premium Quality,594.6,1,0.2,-29.73
54,ORD-100054,2017-08-10,2017-08-13,Same Day,CUST-1041,Rahul,Home Office,India,Delhi,Delhi,925206,North,PROD-218,Office Supplies,Binders,Binders - Premium Quality,1789.43,4,0.1,89.47
55,ORD-100055,2018-04-29,2018-05-03,Second Class,CUST-1007,Rahul,Corporate,India,Chennai,Tamil Nadu,168030,South,PROD-287,Furniture,Tables,Tables - Premium Quality,935.58,4,0.2,-46.78
56,ORD-100056,2017-10-19,2017-10-23,Same Day,CUST-1093,Tanisha,Home Office,India,Delhi,Delhi,744907,North,PROD-961,Furniture,Chairs,Chairs - Premium Quality,1641.81,5,0.1,82.09
57,ORD-100057,2017-03-23,2017-03-28,Same Day,CUST-1011,Virat,Home Office,India,Delhi,Delhi,260657,North,PROD-724,Office Supplies,Binders,Binders - Premium Quality,1373.33,1,0.1,68.67
58,ORD-100058,2018-03-29,2018-04-04,Standard Class,CUST-1023,Ishika,Home Office,India,Delhi,Delhi,659511,North,PROD-477,Technology,Accessories,Accessories - Premium Quality,928.01,1,0.1,46.4
59,ORD-100059,2018-01-16,2018-01-20,Same Day,CUST-1090,Rahul,Home Office,India,Chennai,Tamil Nadu,643844,South,PROD-323,Office Supplies,Binders,Binders - Premium Quality,58.61,3,0.0,8.79
60,ORD-100060,2017-09-30,2017-10-01,Same Day,CUST-1034,Meera,Corporate,India,Delhi,Delhi,396484,North,PROD-904,Office Supplies,Binders,Binders - Premium Quality,851.13,2,0.0,127.67
61,ORD-100061,2019-07-19,2019-07-20,Second Class,CUST-1073,Aarav,Consumer,India,Chennai,Tamil Nadu,800900,South,PROD-420,Furniture,Chairs,Chairs - Premium Quality,319.1,2,0.05,31.91
62,ORD-100062,2018-10-03,2018-10-08,Standard Class,CUST-1009,Ishika,Home Office,India,Hyderabad,Telangana,388357,South,PROD-614,Furniture,Chairs,Chairs - Premium Quality,1866.88,3,0.05,186.69
63,ORD-100063,2019-07-23,2019-07-29,Standard Class,CUST-1005,Rohan,Corporate,India,Hyderabad,Telangana,605983,South,PROD-884,Furniture,Chairs,Chairs - Premium Quality,1612.66,1,0.1,80.63
64,ORD-100064,2019-08-26,2019-08-29,Standard Class,CUST-1029,Meera,Consumer,India,Chennai,Tamil Nadu,841394,South,PROD-997,Technology,Phones,Phones - Premium Quality,1919.15,5,0.05,191.91
65,ORD-100065,2018-10-12,2018-10-14,Standard Class,CUST-1080,Aarav,Consumer,India,Bangalore,Karnataka,118598,South,PROD-510,Furniture,Bookcases,Bookcases - Premium Quality,410.1,4,0.2,-20.51
66,ORD-100066,2019-12-01,2019-12-06,Same Day,CUST-1051,Rahul,Home Office,India,Chennai,Tamil Nadu,482244,South,PROD-139,Technology,Phones,Phones - Premium Quality,867.01,4,0.05,86.7
67,ORD-100067,2017-11-08,2017-11-12,Same Day,CUST-1094,Virat,Home Office,India,Hyderabad,Telangana,779889,South,PROD-216,Technology,Accessories,Accessories - Premium Quality,63.32,3,0.05,6.33
68,ORD-100068,2017-09-27,2017-10-01,Same Day,CUST-1053,Meera,Corporate,India,Bangalore,Karnataka,233030,South,PROD-190,Furniture,Chairs,Chairs - Premium Quality,740.7,3,0.05,74.07
69,ORD-100069,2019-03-17,2019-03-19,Same Day,CUST-1074,Meera,Home Office,India,Delhi,Delhi,142116,North,PROD-693,Technology,Accessories,Accessories - Premium Quality,669.73,3,0.0,100.46
70,ORD-100070,2019-01-07,2019-01-08,Standard Class,CUST-1051,Anaya,Corporate,India,Delhi,Delhi,985934,North,PROD-486,Furniture,Bookcases,Bookcases - Premium Quality,1462.07,4,0.1,73.1
71,ORD-100071,2019-03-15,2019-03-17,Second Class,CUST-1099,Ishika,Consumer,India,Delhi,Delhi,635930,North,PROD-341,Furniture,Bookcases,Bookcases - Premium Quality,786.31,5,0.05,78.63
72,ORD-100072,2018-02-27,2018-03-05,Standard Class,CUST-1054,Meera,Consumer,India,Mumbai,Maharashtra,852830,West,PROD-632,Technology,Accessories,Accessories - Premium Quality,102.69,1,0.1,5.13
73,ORD-100073,2017-09-15,2017-09-19,Second Class,CUST-1049,Ishika,Home Office,India,Hyderabad,Telangana,595108,South,PROD-867,Furniture,Bookcases,Bookcases - Premium Quality,1281.89,4,0.1,64.09
74,ORD-100074,2019-10-04,2019-10-08,Standard Class,CUST-1024,Rohan,Home Office,India,Mumbai,Maharashtra,773635,West,PROD-766,Furniture,Bookcases,Bookcases - Premium Quality,1731.58,1,0.2,-86.58
75,ORD-100075,2018-11-13,2018-11-15,Standard Class,CUST-1088,Aarav,Consumer,India,Chennai,Tamil Nadu,715353,South,PROD-263,Furniture,Bookcases,Bookcases - Premium Quality,236.48,3,0.1,11.82
76,ORD-100076,2018-07-23,2018-07-28,Second Class,CUST-1017,Meera,Consumer,India,Pune,Maharashtra,325353,West,PROD-503,Office Supplies,Binders,Binders - Premium Quality,1572.7,1,0.2,-78.64
77,ORD-100077,2018-09-16,2018-09-17,Second Class,CUST-1069,Meera,Home Office,India,Hyderabad,Telangana,571102,South,PROD-916,Furniture,Tables,Tables - Premium Quality,573.02,4,0.05,57.3
78,ORD-100078,2019-12-02,2019-12-06,Second Class,CUST-1113,Tanisha,Consumer,India,Pune,Maharashtra,248048,West,PROD-715,Technology,Accessories,Accessories - Premium Quality,502.21,2,0.05,50.22
79,ORD-100079,2017-06-12,2017-06-16,Second Class,CUST-1058,Rohan,Consumer,India,Pune,Maharashtra,149234,West,PROD-864,Technology,Machines,Machines - Premium Quality,360.48,2,0.2,-18.02
80,ORD-100080,2017-10-11,2017-10-12,Same Day,CUST-1035,Rohan,Home Office,India,Pune,Maharashtra,531574,West,PROD-960,Technology,Phones,Phones - Premium Quality,356.19,2,0.1,17.81
81,ORD-100081,2018-06-05,2018-06-07,Second Class,CUST-1073,Rahul,Home Office,India,Chennai,Tamil Nadu,364717,South,PROD-680,Technology,Machines,Machines - Premium Quality,1752.71,4,0.05,175.27
82,ORD-100082,2018-08-29,2018-09-04,Standard Class,CUST-1091,Rahul,Consumer,India,Bangalore,Karnataka,961509,South,PROD-852,Office Supplies,Binders,Binders - Premium Quality,546.8,3,0.05,54.68
83,ORD-100083,2019-04-19,2019-04-23,Second Class,CUST-1066,Meera,Consumer,India,Bangalore,Karnataka,521162,South,PROD-147,Office Supplies,Paper,Paper - Premium Quality,221.96,3,0.1,11.1
84,ORD-100084,2019-10-06,2019-10-10,Standard Class,CUST-1064,Meera,Corporate,India,Bangalore,Karnataka,291708,South,PROD-656,Office Supplies,Paper,Paper - Premium Quality,1277.5,4,0.2,-63.88
85,ORD-100085,2018-04-10,2018-04-14,Standard Class,CUST-1014,Rahul,Home Office,India,Delhi,Delhi,517521,North,PROD-863,Furniture,Chairs,Chairs - Premium Quality,887.91,3,0.05,88.79
86,ORD-100086,2019-12-26,2019-12-29,Same Day,CUST-1084,Aarav,Corporate,India,Chennai,Tamil Nadu,725477,South,PROD-216,Furniture,Chairs,Chairs - Premium Quality,951.47,5,0.1,47.57
87,ORD-100087,2018-09-10,2018-09-13,Second Class,CUST-1069,Rohan,Corporate,India,Hyderabad,Telangana,798971,South,PROD-283,Technology,Accessories,Accessories - Premium Quality,224.38,1,0.1,11.22
88,ORD-100088,2018-07-27,2018-07-31,Standard Class,CUST-1020,Rahul,Corporate,India,Delhi,Delhi,728153,North,PROD-727,Office Supplies,Binders,Binders - Premium Quality,179.34,5,0.0,26.9
89,ORD-100089,2018-05-07,2018-05-09,Same Day,CUST-1069,Rohan,Consumer,India,Hyderabad,Telangana,448439,South,PROD-511,Technology,Accessories,Accessories - Premium Quality,1162.82,2,0.05,116.28
90,ORD-100090,2017-11-21,2017-11-24,Second Class,CUST-1088,Meera,Corporate,India,Chennai,Tamil Nadu,795026,South,PROD-290,Office Supplies,Paper,Paper - Premium Quality,1585.23,4,0.2,-79.26
91,ORD-100091,2019-02-19,2019-02-25,Same Day,CUST-1059,Ishika,Consumer,India,Pune,Maharashtra,327641,West,PROD-552,Technology,Machines,Machines - Premium Quality,1941.72,4,0.2,-97.09
92,ORD-100092,2017-10-26,2017-10-31,Second Class,CUST-1025,Ishika,Consumer,India,Mumbai,Maharashtra,556554,West,PROD-164,Furniture,Bookcases,Bookcases - Premium Quality,1578.97,2,0.05,157.9
93,ORD-100093,2018-03-21,2018-03-22,Second Class,CUST-1010,Rahul,Corporate,India,Hyderabad,Telangana,247126,South,PROD-659,Technology,Accessories,Accessories - Premium Quality,1131.25,1,0.05,113.12
94,ORD-100094,2018-06-04,2018-06-06,Same Day,CUST-1051,Anaya,Home Office,India,Pune,Maharashtra,579023,West,PROD-132,Technology,Accessories,Accessories - Premium Quality,399.64,3,0.2,-19.98
95,ORD-100095,2018-01-05,2018-01-10,Same Day,CUST-1106,Rohan,Consumer,India,Hyderabad,Telangana,481119,South,PROD-517,Technology,Phones,Phones - Premium Quality,1778.38,3,0.1,88.92
96,ORD-100096,2017-11-06,2017-11-10,Same Day,CUST-1046,Tanisha,Corporate,India,Chennai,Tamil Nadu,104619,South,PROD-705,Office Supplies,Paper,Paper - Premium Quality,1530.51,1,0.0,229.58
97,ORD-100097,2018-03-22,2018-03-28,Second Class,CUST-1015,Virat,Corporate,India,Bangalore,Karnataka,586534,South,PROD-477,Technology,Machines,Machines - Premium Quality,1397.89,4,0.0,209.68
98,ORD-100098,2017-08-20,2017-08-24,Standard Class,CUST-1022,Virat,Consumer,India,Mumbai,Maharashtra,136663,West,PROD-651,Furniture,Tables,Tables - Premium Quality,228.91,2,0.1,11.45
99,ORD-100099,2018-05-11,2018-05-17,Second Class,CUST-1065,Rohan,Corporate,India,Mumbai,Maharashtra,258420,West,PROD-291,Technology,Accessories,Accessories - Premium Quality,1158.58,2,0.2,-57.93
100,ORD-100100,2018-09-07,2018-09-13,Same Day,CUST-1009,Tanisha,Corporate,India,Pune,Maharashtra,510685,West,PROD-769,Furniture,Tables,Tables - Premium Quality,1302.21,5,0.0,195.33
101,ORD-100101,2017-05-12,2017-05-13,Same Day,CUST-1069,Virat,Home Office,India,Hyderabad,Telangana,262185,South,PROD-883,Furniture,Chairs,Chairs - Premium Quality,1079.21,5,0.1,53.96
102,ORD-100102,2018-06-02,2018-06-04,Second Class,CUST-1072,Anaya,Consumer,India,Chennai,Tamil Nadu,253442,South,PROD-771,Technology,Machines,Machines - Premium Quality,1770.33,3,0.05,177.03
103,ORD-100103,2017-11-29,2017-12-03,Same Day,CUST-1063,Rahul,Home Office,India,Mumbai,Maharashtra,817389,West,PROD-877,Furniture,Bookcases,Bookcases - Premium Quality,140.54,1,0.05,14.05
104,ORD-100104,2017-02-10,2017-02-16,Standard Class,CUST-1050,Rohan,Consumer,India,Hyderabad,Telangana,270368,South,PROD-443,Office Supplies,Labels,Labels - Premium Quality,1551.11,2,0.1,77.56
105,ORD-100105,2018-06-18,2018-06-21,Same Day,CUST-1030,Meera,Corporate,India,Bangalore,Karnataka,779745,South,PROD-650,Technology,Phones,Phones - Premium Quality,656.45,4,0.1,32.82
106,ORD-100106,2019-12-26,2019-12-29,Same Day,CUST-1105,Tanisha,Consumer,India,Chennai,Tamil Nadu,494678,South,PROD-467,Furniture,Tables,Tables - Premium Quality,1777.89,3,0.2,-88.89
107,ORD-100107,2018-03-26,2018-03-29,Same Day,CUST-1017,Rohan,Consumer,India,Hyderabad,Telangana,521574,South,PROD-931,Office Supplies,Paper,Paper - Premium Quality,778.8,3,0.2,-38.94
108,ORD-100108,2018-04-27,2018-05-03,Same Day,CUST-1081,Virat,Corporate,India,Delhi,Delhi,508572,North,PROD-453,Office Supplies,Paper,Paper - Premium Quality,1807.25,2,0.2,-90.36
109,ORD-100109,2019-01-04,2019-01-05,Second Class,CUST-1042,Virat,Home Office,India,Chennai,Tamil Nadu,135479,South,PROD-906,Office Supplies,Paper,Paper - Premium Quality,389.79,2,0.05,38.98
110,ORD-100110,2019-03-28,2019-03-30,Standard Class,CUST-1014,Anaya,Corporate,India,Hyderabad,Telangana,473278,South,PROD-348,Office Supplies,Binders,Binders - Premium Quality,1317.31,1,0.1,65.87
111,ORD-100111,2019-06-24,2019-06-27,Standard Class,CUST-1088,Ishika,Consumer,India,Delhi,Delhi,683182,North,PROD-886,Technology,Accessories,Accessories - Premium Quality,1913.53,4,0.0,287.03
112,ORD-100112,2018-06-22,2018-06-24,Standard Class,CUST-1018,Aarav,Home Office,India,Hyderabad,Telangana,882402,South,PROD-645,Technology,Machines,Machines - Premium Quality,296.13,3,0.2,-14.81
113,ORD-100113,2019-10-11,2019-10-12,Standard Class,CUST-1020,Ishika,Consumer,India,Mumbai,Maharashtra,315042,West,PROD-395,Office Supplies,Binders,Binders - Premium Quality,1932.63,4,0.05,193.26
114,ORD-100114,2017-12-20,2017-12-25,Standard Class,CUST-1012,Virat,Home Office,India,Chennai,Tamil Nadu,974879,South,PROD-609,Technology,Accessories,Accessories - Premium Quality,1863.13,5,0.0,279.47
115,ORD-100115,2018-07-24,2018-07-26,Same Day,CUST-1109,Aarav,Home Office,India,Mumbai,Maharashtra,929161,West,PROD-741,Furniture,Chairs,Chairs - Premium Quality,1197.54,2,0.1,59.88
116,ORD-100116,2017-12-13,2017-12-17,Standard Class,CUST-1113,Rohan,Corporate,India,Delhi,Delhi,903893,North,PROD-859,Technology,Phones,Phones - Premium Quality,1753.11,5,0.2,-87.66
117,ORD-100117,2018-05-29,2018-05-31,Standard Class,CUST-1047,Virat,Corporate,India,Chennai,Tamil Nadu,841322,South,PROD-474,Furniture,Tables,Tables - Premium Quality,1737.71,2,0.2,-86.89
118,ORD-100118,2018-01-06,2018-01-09,Second Class,CUST-1086,Ishika,Consumer,India,Delhi,Delhi,938262,North,PROD-603,Furniture,Tables,Tables - Premium Quality,1248.36,4,0.1,62.42
119,ORD-100119,2018-05-08,2018-05-11,Same Day,CUST-1101,Anaya,Corporate,India,Hyderabad,Telangana,155454,South,PROD-776,Technology,Accessories,Accessories - Premium Quality,1042.79,1,0.0,156.42
120,ORD-100120,2017-06-24,2017-06-28,Same Day,CUST-1094,Virat,Corporate,India,Bangalore,Karnataka,627815,South,PROD-332,Furniture,Bookcases,Bookcases - Premium Quality,109.18,3,0.2,-5.46
121,ORD-100121,2018-06-27,2018-07-01,Second Class,CUST-1096,Virat,Corporate,India,Chennai,Tamil Nadu,740920,South,PROD-649,Furniture,Chairs,Chairs - Premium Quality,434.19,3,0.0,65.13
122,ORD-100122,2019-09-20,2019-09-25,Same Day,CUST-1093,Meera,Consumer,India,Hyderabad,Telangana,169260,South,PROD-207,Technology,Phones,Phones - Premium Quality,103.31,2,0.0,15.5
123,ORD-100123,2017-03-01,2017-03-06,Standard Class,CUST-1018,Virat,Corporate,India,Chennai,Tamil Nadu,211412,South,PROD-768,Furniture,Chairs,Chairs - Premium Quality,393.69,4,0.05,39.37
124,ORD-100124,2017-01-10,2017-01-11,Second Class,CUST-1084,Ishika,Consumer,India,Hyderabad,Telangana,662311,South,PROD-268,Furniture,Tables,Tables - Premium Quality,824.47,1,0.0,123.67
125,ORD-100125,2019-09-09,2019-09-11,Second Class,CUST-1063,Virat,Home Office,India,Delhi,Delhi,275632,North,PROD-435,Furniture,Bookcases,Bookcases - Premium Quality,436.24,3,0.0,65.44
126,ORD-100126,2018-04-26,2018-04-28,Standard Class,CUST-1087,Rohan,Consumer,India,Hyderabad,Telangana,802058,South,PROD-265,Furniture,Tables,Tables - Premium Quality,912.82,1,0.0,136.92
127,ORD-100127,2017-08-14,2017-08-15,Same Day,CUST-1068,Aarav,Home Office,India,Delhi,Delhi,720799,North,PROD-761,Technology,Machines,Machines - Premium Quality,689.6,4,0.1,34.48
128,ORD-100128,2018-12-12,2018-12-14,Standard Class,CUST-1072,Rohan,Corporate,India,Bangalore,Karnataka,388540,South,PROD-292,Office Supplies,Paper,Paper - Premium Quality,636.94,3,0.0,95.54
129,ORD-100129,2019-01-09,2019-01-12,Second Class,CUST-1059,Meera,Corporate,India,Delhi,Delhi,771977,North,PROD-484,Office Supplies,Labels,Labels - Premium Quality,380.19,1,0.0,57.03
130,ORD-100130,2017-01-02,2017-01-05,Same Day,CUST-1016,Rahul,Home Office,India,Bangalore,Karnataka,850886,South,PROD-715,Furniture,Bookcases,Bookcases - Premium Quality,119.8,3,0.2,-5.99
131,ORD-100131,2018-05-04,2018-05-05,Same Day,CUST-1088,Ishika,Home Office,India,Hyderabad,Telangana,561844,South,PROD-463,Furniture,Bookcases,Bookcases - Premium Quality,642.77,1,0.1,32.14
132,ORD-100132,2017-02-04,2017-02-05,Same Day,CUST-1067,Rahul,Home Office,India,Mumbai,Maharashtra,227858,West,PROD-389,Office Supplies,Labels,Labels - Premium Quality,917.3,2,0.0,137.59
133,ORD-100133,2017-02-02,2017-02-04,Same Day,CUST-1023,Ishika,Consumer,India,Mumbai,Maharashtra,458375,West,PROD-853,Technology,Accessories,Accessories - Premium Quality,17.48,1,0.2,-0.87
134,ORD-100134,2019-07-26,2019-07-30,Second Class,CUST-1053,Meera,Corporate,India,Delhi,Delhi,186512,North,PROD-107,Technology,Machines,Machines - Premium Quality,1989.53,3,0.05,198.95
135,ORD-100135,2018-02-01,2018-02-07,Second Class,CUST-1052,Virat,Consumer,India,Chennai,Tamil Nadu,412024,South,PROD-424,Furniture,Bookcases,Bookcases - Premium Quality,839.25,2,0.05,83.92
136,ORD-100136,2018-11-21,2018-11-24,Standard Class,CUST-1115,Rahul,Consumer,India,Hyderabad,Telangana,614252,South,PROD-253,Technology,Accessories,Accessories - Premium Quality,1671.56,4,0.0,250.73
137,ORD-100137,2018-11-03,2018-11-04,Second Class,CUST-1055,Meera,Corporate,India,Bangalore,Karnataka,918034,South,PROD-380,Technology,Accessories,Accessories - Premium Quality,1394.0,4,0.2,-69.7
138,ORD-100138,2019-07-06,2019-07-08,Second Class,CUST-1048,Tanisha,Consumer,India,Pune,Maharashtra,728020,West,PROD-884,Furniture,Tables,Tables - Premium Quality,1576.05,5,0.2,-78.8
139,ORD-100139,2017-04-27,2017-04-30,Second Class,CUST-1047,Virat,Consumer,India,Bangalore,Karnataka,581936,South,PROD-846,Furniture,Chairs,Chairs - Premium Quality,523.52,4,0.1,26.18
140,ORD-100140,2017-05-19,2017-05-23,Second Class,CUST-1006,Ishika,Consumer,India,Bangalore,Karnataka,304264,South,PROD-884,Technology,Phones,Phones - Premium Quality,74.18,3,0.1,3.71
141,ORD-100141,2018-11-10,2018-11-11,Standard Class,CUST-1091,Aarav,Home Office,India,Hyderabad,Telangana,681610,South,PROD-338,Office Supplies,Binders,Binders - Premium Quality,1516.79,4,0.05,151.68
142,ORD-100142,2019-02-27,2019-02-28,Standard Class,CUST-1010,Meera,Consumer,India,Pune,Maharashtra,700872,West,PROD-595,Technology,Machines,Machines - Premium Quality,1787.39,3,0.2,-89.37
143,ORD-100143,2017-10-13,2017-10-16,Standard Class,CUST-1020,Rahul,Corporate,India,Chennai,Tamil Nadu,420186,South,PROD-224,Technology,Machines,Machines - Premium Quality,827.72,3,0.0,124.16
144,ORD-100144,2017-02-24,2017-02-26,Same Day,CUST-1036,Aarav,Home Office,India,Chennai,Tamil Nadu,375300,South,PROD-841,Technology,Phones,Phones - Premium Quality,1301.84,4,0.0,195.28
145,ORD-100145,2017-07-16,2017-07-19,Standard Class,CUST-1067,Rohan,Home Office,India,Mumbai,Maharashtra,500176,West,PROD-625,Office Supplies,Binders,Binders - Premium Quality,260.03,2,0.1,13.0
146,ORD-100146,2018-08-02,2018-08-08,Standard Class,CUST-1044,Rahul,Corporate,India,Bangalore,Karnataka,573011,South,PROD-484,Office Supplies,Paper,Paper - Premium Quality,351.88,4,0.1,17.59
147,ORD-100147,2017-09-28,2017-10-04,Same Day,CUST-1091,Virat,Home Office,India,Mumbai,Maharashtra,295554,West,PROD-757,Technology,Phones,Phones - Premium Quality,1720.55,3,0.05,172.05
148,ORD-100148,2018-05-06,2018-05-12,Same Day,CUST-1097,Anaya,Consumer,India,Delhi,Delhi,948744,North,PROD-930,Furniture,Chairs,Chairs - Premium Quality,519.39,4,0.1,25.97
149,ORD-100149,2019-11-15,2019-11-21,Same Day,CUST-1083,Anaya,Consumer,India,Chennai,Tamil Nadu,899970,South,PROD-369,Furniture,Chairs,Chairs - Premium Quality,1407.95,4,0.0,211.19
150,ORD-100150,2017-11-24,2017-11-25,Same Day,CUST-1045,Anaya,Consumer,India,Chennai,Tamil Nadu,784307,South,PROD-883,Office Supplies,Binders,Binders - Premium Quality,1050.3,5,0.2,-52.52
151,ORD-100151,2018-04-08,2018-04-09,Second Class,CUST-1002,Aarav,Corporate,India,Mumbai,Maharashtra,708327,West,PROD-499,Furniture,Chairs,Chairs - Premium Quality,1361.33,3,0.2,-68.07
152,ORD-100152,2017-07-10,2017-07-12,Second Class,CUST-1010,Rahul,Corporate,India,Bangalore,Karnataka,804738,South,PROD-932,Technology,Phones,Phones - Premium Quality,1373.06,4,0.0,205.96
153,ORD-100153,2019-09-05,2019-09-08,Second Class,CUST-1115,Anaya,Home Office,India,Chennai,Tamil Nadu,665656,South,PROD-184,Office Supplies,Paper,Paper - Premium Quality,446.68,1,0.2,-22.33
154,ORD-100154,2018-01-29,2018-02-02,Same Day,CUST-1087,Virat,Consumer,India,Mumbai,Maharashtra,997541,West,PROD-678,Furniture,Tables,Tables - Premium Quality,1007.72,3,0.1,50.39
155,ORD-100155,2017-09-26,2017-09-29,Same Day,CUST-1039,Virat,Consumer,India,Chennai,Tamil Nadu,761447,South,PROD-249,Office Supplies,Paper,Paper - Premium Quality,1604.85,3,0.1,80.24
156,ORD-100156,2018-02-11,2018-02-16,Same Day,CUST-1040,Ishika,Consumer,India,Delhi,Delhi,156359,North,PROD-521,Furniture,Chairs,Chairs - Premium Quality,238.13,4,0.05,23.81
157,ORD-100157,2019-08-06,2019-08-10,Same Day,CUST-1057,Rahul,Corporate,India,Pune,Maharashtra,946840,West,PROD-830,Furniture,Bookcases,Bookcases - Premium Quality,199.14,1,0.1,9.96
158,ORD-100158,2017-07-22,2017-07-24,Second Class,CUST-1102,Ishika,Corporate,India,Hyderabad,Telangana,957946,South,PROD-555,Furniture,Bookcases,Bookcases - Premium Quality,659.98,3,0.2,-33.0
159,ORD-100159,2018-06-25,2018-06-28,Same Day,CUST-1044,Meera,Corporate,India,Hyderabad,Telangana,453066,South,PROD-478,Technology,Accessories,Accessories - Premium Quality,330.59,4,0.0,49.59
160,ORD-100160,2019-04-19,2019-04-20,Same Day,CUST-1040,Rahul,Consumer,India,Pune,Maharashtra,364519,West,PROD-433,Office Supplies,Binders,Binders - Premium Quality,1776.11,1,0.2,-88.81
161,ORD-100161,2018-07-21,2018-07-24,Standard Class,CUST-1097,Rahul,Corporate,India,Chennai,Tamil Nadu,293488,South,PROD-309,Furniture,Bookcases,Bookcases - Premium Quality,153.32,1,0.0,23.0
162,ORD-100162,2017-07-24,2017-07-30,Second Class,CUST-1027,Rohan,Home Office,India,Chennai,Tamil Nadu,752499,South,PROD-755,Technology,Machines,Machines - Premium Quality,1742.04,3,0.2,-87.1
163,ORD-100163,2017-04-18,2017-04-24,Second Class,CUST-1039,Virat,Home Office,India,Mumbai,Maharashtra,179310,West,PROD-413,Furniture,Tables,Tables - Premium Quality,1698.78,4,0.1,84.94
164,ORD-100164,2017-02-25,2017-03-03,Standard Class,CUST-1091,Virat,Corporate,India,Hyderabad,Telangana,940583,South,PROD-253,Technology,Machines,Machines - Premium Quality,125.73,4,0.2,-6.29
165,ORD-100165,2019-12-23,2019-12-24,Same Day,CUST-1039,Anaya,Corporate,India,Delhi,Delhi,177145,North,PROD-577,Office Supplies,Paper,Paper - Premium Quality,304.95,2,0.05,30.49
166,ORD-100166,2017-04-11,2017-04-16,Standard Class,CUST-1058,Aarav,Corporate,India,Hyderabad,Telangana,673109,South,PROD-893,Office Supplies,Binders,Binders - Premium Quality,612.31,5,0.0,91.85
167,ORD-100167,2017-02-22,2017-02-24,Same Day,CUST-1018,Rohan,Corporate,India,Pune,Maharashtra,330221,West,PROD-438,Furniture,Bookcases,Bookcases - Premium Quality,1011.6,5,0.1,50.58
168,ORD-100168,2018-04-22,2018-04-26,Second Class,CUST-1074,Tanisha,Corporate,India,Hyderabad,Telangana,590992,South,PROD-674,Technology,Accessories,Accessories - Premium Quality,175.66,1,0.05,17.57
169,ORD-100169,2019-06-07,2019-06-10,Second Class,CUST-1081,Rahul,Consumer,India,Hyderabad,Telangana,352382,South,PROD-588,Furniture,Tables,Tables - Premium Quality,330.08,1,0.05,33.01
170,ORD-100170,2019-10-14,2019-10-15,Same Day,CUST-1109,Anaya,Corporate,India,Bangalore,Karnataka,118588,South,PROD-159,Office Supplies,Labels,Labels - Premium Quality,1719.88,4,0.05,171.99
171,ORD-100171,2017-09-15,2017-09-17,Same Day,CUST-1111,Ishika,Home Office,India,Hyderabad,Telangana,302733,South,PROD-550,Furniture,Bookcases,Bookcases - Premium Quality,409.49,1,0.05,40.95
172,ORD-100172,2018-09-08,2018-09-14,Standard Class,CUST-1079,Aarav,Consumer,India,Hyderabad,Telangana,574841,South,PROD-757,Technology,Machines,Machines - Premium Quality,1752.16,3,0.05,175.22
173,ORD-100173,2017-08-01,2017-08-04,Standard Class,CUST-1052,Virat,Consumer,India,Mumbai,Maharashtra,679855,West,PROD-351,Office Supplies,Paper,Paper - Premium Quality,1483.31,2,0.05,148.33
174,ORD-100174,2018-08-16,2018-08-21,Same Day,CUST-1023,Rohan,Consumer,India,Chennai,Tamil Nadu,694172,South,PROD-982,Office Supplies,Labels,Labels - Premium Quality,254.42,3,0.2,-12.72
175,ORD-100175,2019-11-15,2019-11-17,Second Class,CUST-1006,Meera,Home Office,India,Chennai,Tamil Nadu,386533,South,PROD-869,Office Supplies,Labels,Labels - Premium Quality,122.37,1,0.1,6.12
176,ORD-100176,2019-08-22,2019-08-27,Standard Class,CUST-1031,Tanisha,Corporate,India,Mumbai,Maharashtra,370836,West,PROD-499,Technology,Accessories,Accessories - Premium Quality,1517.66,2,0.1,75.88
177,ORD-100177,2018-03-04,2018-03-06,Standard Class,CUST-1073,Meera,Corporate,India,Pune,Maharashtra,266574,West,PROD-446,Furniture,Chairs,Chairs - Premium Quality,1293.01,1,0.2,-64.65
178,ORD-100178,2018-02-15,2018-02-17,Same Day,CUST-1010,Aarav,Home Office,India,Hyderabad,Telangana,898417,South,PROD-651,Technology,Machines,Machines - Premium Quality,1772.32,5,0.05,177.23
179,ORD-100179,2019-03-07,2019-03-10,Same Day,CUST-1107,Virat,Home Office,India,Pune,Maharashtra,509296,West,PROD-587,Office Supplies,Labels,Labels - Premium Quality,645.18,2,0.2,-32.26
180,ORD-100180,2017-02-05,2017-02-09,Same Day,CUST-1016,Rahul,Corporate,India,Bangalore,Karnataka,241539,South,PROD-979,Furniture,Bookcases,Bookcases - Premium Quality,859.94,4,0.1,43.0
181,ORD-100181,2018-07-17,2018-07-21,Second Class,CUST-1068,Meera,Home Office,India,Delhi,Delhi,236751,North,PROD-271,Technology,Phones,Phones - Premium Quality,1014.2,4,0.2,-50.71
182,ORD-100182,2018-09-18,2018-09-19,Second Class,CUST-1038,Meera,Consumer,India,Hyderabad,Telangana,558271,South,PROD-494,Furniture,Chairs,Chairs - Premium Quality,1723.55,5,0.0,258.53
183,ORD-100183,2018-09-23,2018-09-26,Standard Class,CUST-1077,Meera,Consumer,India,Delhi,Delhi,388572,North,PROD-544,Technology,Accessories,Accessories - Premium Quality,148.14,3,0.2,-7.41
184,ORD-100184,2018-12-11,2018-12-13,Same Day,CUST-1114,Anaya,Home Office,India,Delhi,Delhi,928786,North,PROD-714,Furniture,Chairs,Chairs - Premium Quality,1751.2,2,0.05,175.12
185,ORD-100185,2019-06-26,2019-06-30,Second Class,CUST-1115,Rohan,Consumer,India,Bangalore,Karnataka,701207,South,PROD-607,Furniture,Chairs,Chairs - Premium Quality,1045.06,5,0.05,104.51
186,ORD-100186,2017-01-23,2017-01-26,Same Day,CUST-1023,Rohan,Home Office,India,Mumbai,Maharashtra,135195,West,PROD-740,Office Supplies,Labels,Labels - Premium Quality,130.44,4,0.1,6.52
187,ORD-100187,2017-11-03,2017-11-04,Standard Class,CUST-1064,Ishika,Corporate,India,Hyderabad,Telangana,831754,South,PROD-438,Furniture,Bookcases,Bookcases - Premium Quality,683.08,2,0.05,68.31
188,ORD-100188,2018-02-02,2018-02-08,Standard Class,CUST-1077,Anaya,Home Office,India,Hyderabad,Telangana,462801,South,PROD-985,Technology,Phones,Phones - Premium Quality,746.32,5,0.2,-37.32
189,ORD-100189,2017-10-13,2017-10-19,Same Day,CUST-1079,Rohan,Corporate,India,Bangalore,Karnataka,912476,South,PROD-568,Office Supplies,Labels,Labels - Premium Quality,1849.32,2,0.2,-92.47
190,ORD-100190,2018-07-11,2018-07-13,Second Class,CUST-1091,Rohan,Consumer,India,Bangalore,Karnataka,803172,South,PROD-108,Furniture,Chairs,Chairs - Premium Quality,506.99,4,0.1,25.35
191,ORD-100191,2018-02-24,2018-02-27,Second Class,CUST-1070,Aarav,Home Office,India,Chennai,Tamil Nadu,570821,South,PROD-191,Office Supplies,Labels,Labels - Premium Quality,791.87,4,0.2,-39.59
192,ORD-100192,2019-04-14,2019-04-16,Same Day,CUST-1067,Ishika,Home Office,India,Mumbai,Maharashtra,193339,West,PROD-396,Office Supplies,Binders,Binders - Premium Quality,1743.39,3,0.2,-87.17
193,ORD-100193,2020-01-05,2020-01-09,Same Day,CUST-1036,Anaya,Corporate,India,Mumbai,Maharashtra,776811,West,PROD-179,Technology,Accessories,Accessories - Premium Quality,1962.79,1,0.1,98.14
194,ORD-100194,2017-05-08,2017-05-12,Same Day,CUST-1111,Ishika,Consumer,India,Delhi,Delhi,301849,North,PROD-584,Office Supplies,Binders,Binders - Premium Quality,988.59,3,0.2,-49.43
195,ORD-100195,2019-05-31,2019-06-05,Standard Class,CUST-1086,Meera,Consumer,India,Chennai,Tamil Nadu,651502,South,PROD-519,Furniture,Bookcases,Bookcases - Premium Quality,642.85,3,0.0,96.43
196,ORD-100196,2019-04-16,2019-04-22,Same Day,CUST-1022,Rahul,Consumer,India,Mumbai,Maharashtra,530024,West,PROD-453,Technology,Machines,Machines - Premium Quality,713.7,5,0.05,71.37
197,ORD-100197,2018-05-21,2018-05-25,Standard Class,CUST-1066,Tanisha,Home Office,India,Pune,Maharashtra,455885,West,PROD-260,Office Supplies,Labels,Labels - Premium Quality,316.09,4,0.2,-15.8
198,ORD-100198,2019-05-31,2019-06-02,Second Class,CUST-1115,Meera,Corporate,India,Bangalore,Karnataka,512508,South,PROD-246,Technology,Accessories,Accessories - Premium Quality,1650.58,1,0.0,247.59
199,ORD-100199,2017-03-19,2017-03-20,Same Day,CUST-1067,Tanisha,Corporate,India,Chennai,Tamil Nadu,744281,South,PROD-568,Office Supplies,Paper,Paper - Premium Quality,655.04,3,0.2,-32.75
200,ORD-100200,2019-06-07,2019-06-13,Standard Class,CUST-1109,Virat,Home Office,India,Mumbai,Maharashtra,847088,West,PROD-626,Office Supplies,Paper,Paper - Premium Quality,1740.17,2,0.0,261.03
201,ORD-100201,2017-05-08,2017-05-10,Second Class,CUST-1077,Meera,Home Office,India,Delhi,Delhi,779263,North,PROD-719,Furniture,Bookcases,Bookcases - Premium Quality,1786.37,1,0.1,89.32
202,ORD-100202,2019-10-09,2019-10-12,Standard Class,CUST-1053,Meera,Corporate,India,Bangalore,Karnataka,502763,South,PROD-752,Furniture,Chairs,Chairs - Premium Quality,656.77,4,0.2,-32.84
203,ORD-100203,2017-09-01,2017-09-07,Same Day,CUST-1018,Tanisha,Corporate,India,Bangalore,Karnataka,967411,South,PROD-388,Technology,Machines,Machines - Premium Quality,615.85,1,0.1,30.79
204,ORD-100204,2017-12-18,2017-12-24,Same Day,CUST-1012,Meera,Corporate,India,Mumbai,Maharashtra,207683,West,PROD-624,Furniture,Tables,Tables - Premium Quality,662.91,3,0.0,99.44
205,ORD-100205,2019-02-26,2019-03-03,Same Day,CUST-1045,Meera,Consumer,India,Pune,Maharashtra,993766,West,PROD-198,Technology,Accessories,Accessories - Premium Quality,655.14,5,0.05,65.51
206,ORD-100206,2017-09-28,2017-09-29,Second Class,CUST-1066,Ishika,Corporate,India,Bangalore,Karnataka,950274,South,PROD-624,Furniture,Tables,Tables - Premium Quality,19.14,5,0.05,1.91
207,ORD-100207,2017-06-11,2017-06-13,Standard Class,CUST-1039,Anaya,Consumer,India,Bangalore,Karnataka,522023,South,PROD-357,Furniture,Chairs,Chairs - Premium Quality,1460.58,1,0.05,146.06
208,ORD-100208,2019-06-21,2019-06-22,Standard Class,CUST-1007,Meera,Home Office,India,Mumbai,Maharashtra,293046,West,PROD-682,Furniture,Tables,Tables - Premium Quality,1649.42,3,0.2,-82.47
209,ORD-100209,2018-03-30,2018-04-05,Same Day,CUST-1093,Ishika,Consumer,India,Pune,Maharashtra,570794,West,PROD-116,Office Supplies,Binders,Binders - Premium Quality,913.78,3,0.1,45.69
210,ORD-100210,2018-08-01,2018-08-02,Same Day,CUST-1071,Meera,Home Office,India,Delhi,Delhi,933628,North,PROD-622,Technology,Phones,Phones - Premium Quality,1106.89,1,0.05,110.69
211,ORD-100211,2017-03-08,2017-03-12,Second Class,CUST-1020,Anaya,Corporate,India,Bangalore,Karnataka,903129,South,PROD-191,Technology,Accessories,Accessories - Premium Quality,1251.82,2,0.2,-62.59
212,ORD-100212,2017-03-07,2017-03-11,Standard Class,CUST-1064,Ishika,Home Office,India,Pune,Maharashtra,461344,West,PROD-460,Office Supplies,Binders,Binders - Premium Quality,985.11,2,0.05,98.51
213,ORD-100213,2019-11-30,2019-12-06,Second Class,CUST-1088,Rohan,Consumer,India,Chennai,Tamil Nadu,595476,South,PROD-142,Technology,Machines,Machines - Premium Quality,502.97,2,0.0,75.45
214,ORD-100214,2017-03-29,2017-04-01,Same Day,CUST-1010,Anaya,Corporate,India,Chennai,Tamil Nadu,456305,South,PROD-137,Technology,Phones,Phones - Premium Quality,1347.93,3,0.05,134.79
215,ORD-100215,2019-11-23,2019-11-28,Same Day,CUST-1056,Aarav,Consumer,India,Bangalore,Karnataka,109076,South,PROD-485,Technology,Accessories,Accessories - Premium Quality,1767.91,2,0.2,-88.4
216,ORD-100216,2019-07-22,2019-07-28,Second Class,CUST-1057,Anaya,Home Office,India,Hyderabad,Telangana,180513,South,PROD-603,Technology,Phones,Phones - Premium Quality,1862.5,1,0.0,279.38
217,ORD-100217,2018-09-18,2018-09-19,Same Day,CUST-1004,Rohan,Home Office,India,Chennai,Tamil Nadu,775501,South,PROD-251,Technology,Phones,Phones - Premium Quality,340.67,2,0.1,17.03
218,ORD-100218,2018-05-30,2018-06-01,Second Class,CUST-1016,Meera,Corporate,India,Pune,Maharashtra,564157,West,PROD-727,Technology,Accessories,Accessories - Premium Quality,1792.21,2,0.0,268.83
219,ORD-100219,2017-08-26,2017-08-27,Same Day,CUST-1074,Rahul,Corporate,India,Hyderabad,Telangana,200395,South,PROD-795,Office Supplies,Binders,Binders - Premium Quality,683.12,1,0.0,102.47
220,ORD-100220,2019-08-04,2019-08-07,Same Day,CUST-1106,Anaya,Home Office,India,Delhi,Delhi,342602,North,PROD-958,Office Supplies,Binders,Binders - Premium Quality,745.28,2,0.2,-37.26
221,ORD-100221,2018-03-10,2018-03-14,Same Day,CUST-1040,Tanisha,Consumer,India,Chennai,Tamil Nadu,242885,South,PROD-925,Office Supplies,Binders,Binders - Premium Quality,1953.88,1,0.2,-97.69
222,ORD-100222,2017-11-28,2017-12-01,Same Day,CUST-1045,Anaya,Consumer,India,Chennai,Tamil Nadu,681740,South,PROD-912,Office Supplies,Binders,Binders - Premium Quality,1364.4,5,0.2,-68.22
223,ORD-100223,2017-01-22,2017-01-26,Second Class,CUST-1046,Meera,Consumer,India,Chennai,Tamil Nadu,387422,South,PROD-632,Furniture,Bookcases,Bookcases - Premium Quality,470.13,3,0.0,70.52
224,ORD-100224,2017-02-19,2017-02-21,Second Class,CUST-1061,Aarav,Consumer,India,Bangalore,Karnataka,147938,South,PROD-500,Technology,Phones,Phones - Premium Quality,1889.23,4,0.1,94.46
225,ORD-100225,2017-02-08,2017-02-13,Second Class,CUST-1047,Virat,Home Office,India,Delhi,Delhi,113368,North,PROD-277,Furniture,Bookcases,Bookcases - Premium Quality,623.4,3,0.2,-31.17
226,ORD-100226,2018-10-08,2018-10-11,Standard Class,CUST-1045,Rahul,Consumer,India,Chennai,Tamil Nadu,757723,South,PROD-166,Technology,Phones,Phones - Premium Quality,89.19,2,0.0,13.38
227,ORD-100227,2019-08-25,2019-08-28,Same Day,CUST-1047,Tanisha,Home Office,India,Delhi,Delhi,578445,North,PROD-286,Furniture,Bookcases,Bookcases - Premium Quality,347.6,3,0.2,-17.38
228,ORD-100228,2017-07-31,2017-08-01,Second Class,CUST-1011,Meera,Home Office,India,Hyderabad,Telangana,164367,South,PROD-451,Technology,Accessories,Accessories - Premium Quality,1313.02,5,0.0,196.95
229,ORD-100229,2019-10-16,2019-10-20,Standard Class,CUST-1037,Ishika,Consumer,India,Delhi,Delhi,968912,North,PROD-653,Furniture,Chairs,Chairs - Premium Quality,1279.16,4,0.0,191.87
230,ORD-100230,2018-05-16,2018-05-20,Second Class,CUST-1027,Rahul,Home Office,India,Pune,Maharashtra,124529,West,PROD-891,Technology,Phones,Phones - Premium Quality,1357.25,4,0.2,-67.86
231,ORD-100231,2019-02-25,2019-02-26,Second Class,CUST-1108,Rohan,Corporate,India,Pune,Maharashtra,478108,West,PROD-374,Office Supplies,Binders,Binders - Premium Quality,530.85,3,0.0,79.63
232,ORD-100232,2017-06-04,2017-06-10,Same Day,CUST-1046,Aarav,Corporate,India,Pune,Maharashtra,516448,West,PROD-291,Office Supplies,Binders,Binders - Premium Quality,554.47,1,0.0,83.17
233,ORD-100233,2017-05-28,2017-06-01,Second Class,CUST-1093,Ishika,Corporate,India,Hyderabad,Telangana,511012,South,PROD-165,Technology,Accessories,Accessories - Premium Quality,293.94,4,0.0,44.09
234,ORD-100234,2017-09-16,2017-09-21,Same Day,CUST-1055,Tanisha,Home Office,India,Bangalore,Karnataka,761388,South,PROD-961,Technology,Machines,Machines - Premium Quality,1123.21,1,0.0,168.48
235,ORD-100235,2018-09-11,2018-09-14,Second Class,CUST-1118,Rahul,Home Office,India,Chennai,Tamil Nadu,658098,South,PROD-568,Technology,Phones,Phones - Premium Quality,325.88,2,0.05,32.59
236,ORD-100236,2019-05-08,2019-05-13,Same Day,CUST-1103,Rahul,Home Office,India,Bangalore,Karnataka,384437,South,PROD-894,Technology,Accessories,Accessories - Premium Quality,1114.38,5,0.05,111.44
237,ORD-100237,2018-12-22,2018-12-26,Same Day,CUST-1024,Meera,Corporate,India,Pune,Maharashtra,385586,West,PROD-687,Office Supplies,Labels,Labels - Premium Quality,1551.72,1,0.1,77.59
238,ORD-100238,2018-04-29,2018-04-30,Same Day,CUST-1021,Meera,Home Office,India,Chennai,Tamil Nadu,275775,South,PROD-272,Technology,Accessories,Accessories - Premium Quality,1512.82,5,0.1,75.64
239,ORD-100239,2018-05-12,2018-05-13,Standard Class,CUST-1092,Rohan,Consumer,India,Hyderabad,Telangana,879716,South,PROD-408,Technology,Accessories,Accessories - Premium Quality,916.36,2,0.2,-45.82
240,ORD-100240,2018-08-20,2018-08-26,Second Class,CUST-1024,Ishika,Corporate,India,Bangalore,Karnataka,826003,South,PROD-825,Furniture,Chairs,Chairs - Premium Quality,1101.2,4,0.0,165.18
241,ORD-100241,2019-09-02,2019-09-06,Second Class,CUST-1035,Tanisha,Home Office,India,Delhi,Delhi,608009,North,PROD-450,Furniture,Chairs,Chairs - Premium Quality,28.52,1,0.2,-1.43
242,ORD-100242,2017-08-02,2017-08-08,Second Class,CUST-1001,Rahul,Home Office,India,Hyderabad,Telangana,110338,South,PROD-635,Technology,Machines,Machines - Premium Quality,1558.8,2,0.1,77.94
243,ORD-100243,2017-10-08,2017-10-10,Same Day,CUST-1084,Aarav,Consumer,India,Hyderabad,Telangana,819266,South,PROD-702,Furniture,Tables,Tables - Premium Quality,1369.35,5,0.0,205.4
244,ORD-100244,2017-11-16,2017-11-19,Same Day,CUST-1001,Aarav,Consumer,India,Bangalore,Karnataka,648487,South,PROD-545,Furniture,Tables,Tables - Premium Quality,380.95,4,0.05,38.09
245,ORD-100245,2018-10-22,2018-10-27,Same Day,CUST-1039,Virat,Corporate,India,Delhi,Delhi,289849,North,PROD-319,Furniture,Bookcases,Bookcases - Premium Quality,599.34,3,0.05,59.93
246,ORD-100246,2017-02-23,2017-02-25,Same Day,CUST-1079,Ishika,Home Office,India,Mumbai,Maharashtra,554451,West,PROD-220,Technology,Accessories,Accessories - Premium Quality,1366.68,3,0.1,68.33
247,ORD-100247,2017-09-25,2017-09-27,Same Day,CUST-1016,Aarav,Consumer,India,Bangalore,Karnataka,642155,South,PROD-667,Furniture,Tables,Tables - Premium Quality,700.16,4,0.2,-35.01
248,ORD-100248,2018-07-13,2018-07-17,Standard Class,CUST-1080,Rahul,Corporate,India,Pune,Maharashtra,834154,West,PROD-514,Office Supplies,Binders,Binders - Premium Quality,444.25,1,0.2,-22.21
249,ORD-100249,2019-05-27,2019-05-31,Standard Class,CUST-1098,Aarav,Corporate,India,Mumbai,Maharashtra,193165,West,PROD-726,Office Supplies,Labels,Labels - Premium Quality,1996.78,1,0.2,-99.84
250,ORD-100250,2019-01-02,2019-01-04,Standard Class,CUST-1032,Rohan,Home Office,India,Pune,Maharashtra,855553,West,PROD-759,Technology,Machines,Machines - Premium Quality,931.5,4,0.05,93.15
251,ORD-100251,2018-05-13,2018-05-17,Same Day,CUST-1036,Tanisha,Corporate,India,Bangalore,Karnataka,988160,South,PROD-537,Office Supplies,Binders,Binders - Premium Quality,1468.5,2,0.0,220.28
252,ORD-100252,2019-09-09,2019-09-10,Standard Class,CUST-1083,Anaya,Consumer,India,Pune,Maharashtra,524552,West,PROD-666,Technology,Machines,Machines - Premium Quality,1461.51,2,0.05,146.15
253,ORD-100253,2017-12-15,2017-12-18,Same Day,CUST-1064,Aarav,Home Office,India,Bangalore,Karnataka,427613,South,PROD-772,Technology,Accessories,Accessories - Premium Quality,722.23,5,0.05,72.22
254,ORD-100254,2017-10-23,2017-10-29,Second Class,CUST-1075,Tanisha,Corporate,India,Hyderabad,Telangana,953913,South,PROD-685,Technology,Machines,Machines - Premium Quality,1352.51,2,0.1,67.63
255,ORD-100255,2019-02-04,2019-02-07,Standard Class,CUST-1084,Virat,Consumer,India,Pune,Maharashtra,804360,West,PROD-860,Office Supplies,Paper,Paper - Premium Quality,1751.26,4,0.0,262.69
256,ORD-100256,2018-06-17,2018-06-23,Standard Class,CUST-1018,Tanisha,Consumer,India,Mumbai,Maharashtra,849921,West,PROD-806,Office Supplies,Binders,Binders - Premium Quality,274.56,5,0.0,41.18
257,ORD-100257,2018-10-01,2018-10-04,Standard Class,CUST-1022,Rahul,Consumer,India,Mumbai,Maharashtra,641261,West,PROD-905,Technology,Phones,Phones - Premium Quality,1276.87,1,0.1,63.84
258,ORD-100258,2018-01-29,2018-02-02,Same Day,CUST-1074,Rohan,Consumer,India,Chennai,Tamil Nadu,697164,South,PROD-270,Office Supplies,Binders,Binders - Premium Quality,323.61,4,0.2,-16.18
259,ORD-100259,2017-08-07,2017-08-10,Standard Class,CUST-1047,Rohan,Corporate,India,Bangalore,Karnataka,386519,South,PROD-407,Technology,Accessories,Accessories - Premium Quality,1171.17,4,0.0,175.68
260,ORD-100260,2019-06-28,2019-07-01,Second Class,CUST-1050,Rohan,Consumer,India,Mumbai,Maharashtra,397938,West,PROD-989,Technology,Phones,Phones - Premium Quality,1523.66,1,0.05,152.37
261,ORD-100261,2017-12-24,2017-12-28,Standard Class,CUST-1006,Tanisha,Consumer,India,Pune,Maharashtra,319853,West,PROD-117,Furniture,Tables,Tables - Premium Quality,919.36,5,0.05,91.94
262,ORD-100262,2019-04-04,2019-04-08,Standard Class,CUST-1051,Meera,Corporate,India,Hyderabad,Telangana,153856,South,PROD-760,Technology,Phones,Phones - Premium Quality,1233.58,1,0.05,123.36
263,ORD-100263,2018-06-28,2018-07-01,Standard Class,CUST-1103,Rahul,Home Office,India,Mumbai,Maharashtra,314307,West,PROD-887,Furniture,Tables,Tables - Premium Quality,417.53,5,0.2,-20.88
264,ORD-100264,2018-12-28,2018-12-31,Same Day,CUST-1112,Tanisha,Corporate,India,Mumbai,Maharashtra,216472,West,PROD-279,Technology,Accessories,Accessories - Premium Quality,1096.56,1,0.0,164.48
265,ORD-100265,2018-03-31,2018-04-03,Second Class,CUST-1021,Rohan,Corporate,India,Delhi,Delhi,406780,North,PROD-561,Office Supplies,Binders,Binders - Premium Quality,1713.18,5,0.0,256.98
266,ORD-100266,2017-02-01,2017-02-02,Standard Class,CUST-1082,Rohan,Home Office,India,Chennai,Tamil Nadu,925031,South,PROD-881,Office Supplies,Labels,Labels - Premium Quality,1761.58,1,0.0,264.24
267,ORD-100267,2018-12-10,2018-12-11,Standard Class,CUST-1083,Ishika,Home Office,India,Pune,Maharashtra,497320,West,PROD-759,Office Supplies,Labels,Labels - Premium Quality,721.88,1,0.1,36.09
268,ORD-100268,2017-02-15,2017-02-16,Standard Class,CUST-1102,Meera,Consumer,India,Pune,Maharashtra,953807,West,PROD-152,Furniture,Bookcases,Bookcases - Premium Quality,305.54,4,0.1,15.28
269,ORD-100269,2018-09-24,2018-09-26,Same Day,CUST-1015,Aarav,Consumer,India,Delhi,Delhi,990940,North,PROD-440,Office Supplies,Labels,Labels - Premium Quality,506.03,1,0.0,75.9
270,ORD-100270,2017-01-16,2017-01-19,Same Day,CUST-1038,Anaya,Consumer,India,Bangalore,Karnataka,473078,South,PROD-403,Office Supplies,Labels,Labels - Premium Quality,977.27,5,0.2,-48.86
271,ORD-100271,2017-03-17,2017-03-21,Same Day,CUST-1058,Anaya,Consumer,India,Chennai,Tamil Nadu,674881,South,PROD-447,Technology,Machines,Machines - Premium Quality,1119.75,4,0.2,-55.99
272,ORD-100272,2017-04-11,2017-04-14,Second Class,CUST-1090,Rahul,Consumer,India,Delhi,Delhi,711165,North,PROD-839,Office Supplies,Paper,Paper - Premium Quality,1304.05,5,0.05,130.4
273,ORD-100273,2019-10-06,2019-10-09,Standard Class,CUST-1094,Tanisha,Home Office,India,Bangalore,Karnataka,101606,South,PROD-520,Technology,Machines,Machines - Premium Quality,806.36,3,0.0,120.95
274,ORD-100274,2017-06-08,2017-06-13,Second Class,CUST-1053,Meera,Home Office,India,Mumbai,Maharashtra,993434,West,PROD-594,Technology,Accessories,Accessories - Premium Quality,173.02,2,0.0,25.95
275,ORD-100275,2017-07-16,2017-07-21,Second Class,CUST-1086,Tanisha,Corporate,India,Bangalore,Karnataka,195219,South,PROD-576,Office Supplies,Labels,Labels - Premium Quality,1977.49,4,0.2,-98.87
276,ORD-100276,2017-04-15,2017-04-21,Standard Class,CUST-1037,Aarav,Corporate,India,Hyderabad,Telangana,443839,South,PROD-906,Furniture,Chairs,Chairs - Premium Quality,715.24,4,0.2,-35.76
277,ORD-100277,2018-06-02,2018-06-04,Same Day,CUST-1022,Aarav,Corporate,India,Pune,Maharashtra,738127,West,PROD-675,Office Supplies,Labels,Labels - Premium Quality,813.87,1,0.1,40.69
278,ORD-100278,2018-09-05,2018-09-06,Same Day,CUST-1097,Tanisha,Corporate,India,Hyderabad,Telangana,181445,South,PROD-714,Office Supplies,Paper,Paper - Premium Quality,618.46,3,0.1,30.92
279,ORD-100279,2017-11-29,2017-12-03,Standard Class,CUST-1103,Ishika,Corporate,India,Hyderabad,Telangana,848889,South,PROD-430,Office Supplies,Binders,Binders - Premium Quality,945.07,5,0.0,141.76
280,ORD-100280,2018-04-05,2018-04-07,Same Day,CUST-1042,Ishika,Consumer,India,Chennai,Tamil Nadu,384744,South,PROD-939,Office Supplies,Binders,Binders - Premium Quality,93.46,3,0.1,4.67
281,ORD-100281,2018-08-29,2018-08-31,Standard Class,CUST-1010,Ishika,Consumer,India,Chennai,Tamil Nadu,811305,South,PROD-246,Technology,Accessories,Accessories - Premium Quality,1206.65,1,0.1,60.33
282,ORD-100282,2018-02-19,2018-02-22,Standard Class,CUST-1048,Ishika,Consumer,India,Delhi,Delhi,997385,North,PROD-283,Furniture,Chairs,Chairs - Premium Quality,1674.68,5,0.2,-83.73
283,ORD-100283,2017-11-07,2017-11-13,Same Day,CUST-1093,Aarav,Corporate,India,Delhi,Delhi,567029,North,PROD-304,Office Supplies,Paper,Paper - Premium Quality,195.23,2,0.0,29.28
284,ORD-100284,2018-11-07,2018-11-12,Same Day,CUST-1016,Tanisha,Home Office,India,Bangalore,Karnataka,621759,South,PROD-271,Technology,Phones,Phones - Premium Quality,1667.96,3,0.1,83.4
285,ORD-100285,2017-12-05,2017-12-09,Standard Class,CUST-1057,Ishika,Home Office,India,Hyderabad,Telangana,551824,South,PROD-451,Technology,Accessories,Accessories - Premium Quality,35.47,2,0.05,3.55
286,ORD-100286,2019-03-17,2019-03-20,Second Class,CUST-1028,Tanisha,Home Office,India,Hyderabad,Telangana,233436,South,PROD-606,Technology,Machines,Machines - Premium Quality,671.39,4,0.1,33.57
287,ORD-100287,2017-11-17,2017-11-23,Same Day,CUST-1075,Tanisha,Home Office,India,Chennai,Tamil Nadu,326876,South,PROD-191,Furniture,Chairs,Chairs - Premium Quality,390.12,4,0.2,-19.51
288,ORD-100288,2017-09-22,2017-09-28,Same Day,CUST-1082,Anaya,Home Office,India,Hyderabad,Telangana,430605,South,PROD-470,Furniture,Tables,Tables - Premium Quality,478.67,5,0.2,-23.93
289,ORD-100289,2018-10-23,2018-10-25,Second Class,CUST-1037,Aarav,Home Office,India,Delhi,Delhi,480274,North,PROD-734,Furniture,Chairs,Chairs - Premium Quality,972.3,3,0.2,-48.62
290,ORD-100290,2019-02-26,2019-03-03,Standard Class,CUST-1053,Virat,Home Office,India,Pune,Maharashtra,746923,West,PROD-878,Technology,Machines,Machines - Premium Quality,762.94,5,0.2,-38.15
291,ORD-100291,2018-01-02,2018-01-05,Same Day,CUST-1073,Ishika,Corporate,India,Bangalore,Karnataka,981712,South,PROD-473,Technology,Machines,Machines - Premium Quality,1513.1,5,0.05,151.31
292,ORD-100292,2017-05-26,2017-05-28,Standard Class,CUST-1042,Anaya,Corporate,India,Delhi,Delhi,756388,North,PROD-239,Technology,Machines,Machines - Premium Quality,1835.79,3,0.2,-91.79
293,ORD-100293,2018-08-18,2018-08-19,Standard Class,CUST-1089,Anaya,Home Office,India,Mumbai,Maharashtra,778702,West,PROD-413,Office Supplies,Labels,Labels - Premium Quality,203.05,2,0.1,10.15
294,ORD-100294,2018-01-19,2018-01-22,Second Class,CUST-1104,Virat,Corporate,India,Hyderabad,Telangana,152571,South,PROD-908,Furniture,Bookcases,Bookcases - Premium Quality,1676.66,4,0.05,167.67
295,ORD-100295,2019-10-20,2019-10-26,Same Day,CUST-1105,Rohan,Consumer,India,Bangalore,Karnataka,508915,South,PROD-310,Technology,Accessories,Accessories - Premium Quality,1590.67,2,0.05,159.07
296,ORD-100296,2019-03-16,2019-03-22,Same Day,CUST-1023,Virat,Home Office,India,Delhi,Delhi,339466,North,PROD-133,Office Supplies,Binders,Binders - Premium Quality,618.64,4,0.1,30.93
297,ORD-100297,2018-08-18,2018-08-19,Standard Class,CUST-1109,Ishika,Home Office,India,Pune,Maharashtra,935364,West,PROD-609,Technology,Phones,Phones - Premium Quality,1653.5,3,0.1,82.67
298,ORD-100298,2019-10-10,2019-10-11,Standard Class,CUST-1099,Meera,Consumer,India,Bangalore,Karnataka,815364,South,PROD-983,Furniture,Bookcases,Bookcases - Premium Quality,1461.39,1,0.05,146.14
299,ORD-100299,2018-12-05,2018-12-09,Standard Class,CUST-1009,Rahul,Consumer,India,Bangalore,Karnataka,147975,South,PROD-664,Office Supplies,Paper,Paper - Premium Quality,974.71,4,0.05,97.47
300,ORD-100300,2019-09-13,2019-09-14,Standard Class,CUST-1106,Rohan,Corporate,India,Hyderabad,Telangana,803270,South,PROD-486,Furniture,Tables,Tables - Premium Quality,1696.0,2,0.2,-84.8
